id,message,latitude,latitude,radius,start_at,end_at,updated_at,locale_id,locale_message
m39eczml_1,スイッチスマイル(20m)に近づきました。,35.670769,139.741761,20,2016-09-01 00:00:00,2020-12-31 23:59:00,2016-09-16 18:46:47,,
m39eczml_1,,,,,,,,1,スイッチスマイル(20m)に近づきました。
m39eczml_1,,,,,,,,2,Near the "Switch Smile".
m39eczml_2,溜池山王駅(70m)に近づきました。,35.6716852,139.7417171,70,2016-09-01 00:00:00,2020-12-31 23:59:00,2016-09-13 15:42:24,,
m39eczml_2,,,,,,,,1,溜池山王駅(70m)に近づきました。
m39eczml_2,,,,,,,,2,Near the "Tameike-Sanno station".
m39eczml_3,日枝神社(300m)に近づきました。,35.67470100,139.73956300,300,2016-09-01 00:00:00,2020-12-31 23:59:00,2016-09-13 15:42:24,,
m39eczml_3,,,,,,,,1,日枝神社(300m)に近づきました。
m39eczml_3,,,,,,,,2,Near the "Hie Jinja".
m39eczml_4,特許庁(150m)に近づきました。,35.67098400,139.74574800,150,2016-09-01 00:00:00,2020-12-31 23:59:00,2016-09-13 15:42:24,,
m39eczml_4,,,,,,,,1,特許庁(150m)に近づきました。
m39eczml_4,,,,,,,,2,Near the "Japan Patent office".
m39eczml_5,日比谷公園(1km)に近づきました。,35.674501,139.756392,1000,2016-09-01 00:00:00,2020-12-31 23:59:00,2016-09-13 15:42:24,,
m39eczml_5,,,,,,,,1,日比谷公園(1km)に近づきました。
m39eczml_5,,,,,,,,2,Near the "Hibiya Park".
m39eczml_6,京成佐倉駅(200m)に近づきました。,35.725163,140.229893,200,2016-09-01 00:00:00,2020-12-31 23:59:00,2016-09-13 15:42:24,,
m39eczml_6,,,,,,,,1,京成佐倉駅(200m)に近づきました。
m39eczml_6,,,,,,,,2,Near the "Keisei-Sakura Station".
m39eczml_7,ユーカリが丘駅(200m)に近づきました。,35.721775,140.156378,200,2016-09-01 00:00:00,2020-12-31 23:59:00,2016-09-13 15:42:24,,
m39eczml_7,,,,,,,,1,ユーカリが丘駅(200m)に近づきました。
m39eczml_7,,,,,,,,2,Near the "Keisei-Yūkarigaoka Station".
m39eczml_8,京成船橋駅(200m)に近づきました。,35.700075,139.985497,200,2016-09-01 00:00:00,2020-12-31 23:59:00,2016-09-13 15:42:24,,
m39eczml_8,,,,,,,,1,京成船橋駅(200m)に近づきました。
m39eczml_8,,,,,,,,2,Near the "Keisei-Funabashi Station".
