id,name,type,goal_flag,facility_id,floor_id,relative_x,relative_y,beacon_id,actions,updated_at,locale_id,locale_name
m39eczml_1,1F-西口,1,1,m39eczml_1,m39eczml_1,64,270,m39eczml_9,,2016-09-15 12:27:48,,
m39eczml_1,,,,,,,,,,,1,1F-西口
m39eczml_1,,,,,,,,,,,2,1F-West Exit
m39eczml_10,1F-Ａ３,2,1,m39eczml_1,m39eczml_1,420,180,m39eczml_3,,2016-09-15 12:27:48,,
m39eczml_10,,,,,,,,,,,1,1F-Ａ３
m39eczml_10,,,,,,,,,,,2,1F-A3
m39eczml_11,通路,1,0,m39eczml_1,m39eczml_1,420,330,m39eczml_0,,2016-09-15 12:27:48,,
m39eczml_12,1F-Ａ４,1,1,m39eczml_1,m39eczml_1,510,330,m39eczml_4,stamp,2016-09-15 12:27:48,,
m39eczml_12,,,,,,,,,,,1,1F-Ａ４
m39eczml_12,,,,,,,,,,,2,1F-A4
m39eczml_13,通路,1,0,m39eczml_1,m39eczml_1,420,450,m39eczml_0,,2016-09-15 12:27:48,,
m39eczml_14,1F-Ｂ３,1,1,m39eczml_1,m39eczml_1,330,450,m39eczml_8,,2016-09-15 12:27:48,,
m39eczml_14,,,,,,,,,,,1,1F-Ｂ３
m39eczml_14,,,,,,,,,,,2,1F-B3
m39eczml_15,通路,1,0,m39eczml_1,m39eczml_1,420,490,m39eczml_0,,2016-09-15 12:27:48,,
m39eczml_16,1F-Ａ５,1,1,m39eczml_1,m39eczml_1,510,490,m39eczml_5,,2016-09-15 12:27:48,,
m39eczml_16,,,,,,,,,,,1,1F-Ａ５
m39eczml_16,,,,,,,,,,,2,1F-A5
m39eczml_17,1F-南口,1,1,m39eczml_1,m39eczml_1,420,528,m39eczml_10,,2016-09-15 12:27:48,,
m39eczml_17,,,,,,,,,,,1,1F-南口
m39eczml_17,,,,,,,,,,,2,1F-South Exit
m39eczml_18,2F-西口,1,1,m39eczml_1,m39eczml_2,64,270,m39eczml_19,,2016-09-15 12:27:48,,
m39eczml_18,,,,,,,,,,,1,2F-西口
m39eczml_18,,,,,,,,,,,2,2F-West Exit
m39eczml_19,通路,1,0,m39eczml_1,m39eczml_2,180,270,m39eczml_0,,2016-09-15 12:27:48,,
m39eczml_2,通路,1,0,m39eczml_1,m39eczml_1,180,270,m39eczml_0,,2016-09-15 12:27:48,,
m39eczml_20,2F-Ａ１,1,1,m39eczml_1,m39eczml_2,180,180,m39eczml_11,,2016-09-15 12:27:48,,
m39eczml_20,,,,,,,,,,,1,2F-Ａ１
m39eczml_20,,,,,,,,,,,2,2F-A1
m39eczml_21,2F-Ｂ１,1,1,m39eczml_1,m39eczml_2,180,360,m39eczml_16,stamp,2016-09-15 12:27:48,,
m39eczml_21,,,,,,,,,,,1,2F-Ｂ１
m39eczml_21,,,,,,,,,,,2,2F-B1
m39eczml_22,通路,1,0,m39eczml_1,m39eczml_2,300,270,m39eczml_0,,2016-09-15 12:27:48,,
m39eczml_23,2F-Ａ２,1,1,m39eczml_1,m39eczml_2,300,180,m39eczml_12,stamp,2016-09-15 12:27:48,,
m39eczml_23,,,,,,,,,,,1,2F-Ａ２
m39eczml_23,,,,,,,,,,,2,2F-A2
m39eczml_24,通路,1,0,m39eczml_1,m39eczml_2,340,270,m39eczml_0,,2016-09-15 12:27:48,,
m39eczml_25,2F-Ｂ２,1,1,m39eczml_1,m39eczml_2,340,360,m39eczml_17,,2016-09-15 12:27:48,,
m39eczml_25,,,,,,,,,,,1,2F-Ｂ２
m39eczml_25,,,,,,,,,,,2,2F-B2
m39eczml_26,通路,1,0,m39eczml_1,m39eczml_2,420,270,m39eczml_0,,2016-09-15 12:27:48,,
m39eczml_27,2F-Ａ３,2,1,m39eczml_1,m39eczml_2,420,180,m39eczml_13,,2016-09-15 12:27:48,,
m39eczml_27,,,,,,,,,,,1,2F-Ａ３
m39eczml_27,,,,,,,,,,,2,2F-A3
m39eczml_28,通路,1,0,m39eczml_1,m39eczml_2,420,330,m39eczml_0,,2016-09-15 12:27:48,,
m39eczml_29,2F-Ａ４,1,1,m39eczml_1,m39eczml_2,510,330,m39eczml_14,,2016-09-15 12:27:48,,
m39eczml_29,,,,,,,,,,,1,2F-Ａ４
m39eczml_29,,,,,,,,,,,2,2F-A4
m39eczml_3,1F-Ａ１,1,1,m39eczml_1,m39eczml_1,180,180,m39eczml_1,stamp,2016-09-15 12:27:48,,
m39eczml_3,,,,,,,,,,,1,1F-Ａ１
m39eczml_3,,,,,,,,,,,2,1F-A1
m39eczml_30,通路,1,0,m39eczml_1,m39eczml_2,420,450,m39eczml_0,,2016-09-15 12:27:48,,
m39eczml_31,2F-Ｂ３,2,1,m39eczml_1,m39eczml_2,330,450,m39eczml_18,,2016-09-15 12:27:48,,
m39eczml_31,,,,,,,,,,,1,2F-Ｂ３
m39eczml_31,,,,,,,,,,,2,2F-B3
m39eczml_32,通路,1,0,m39eczml_1,m39eczml_2,420,490,m39eczml_0,,2016-09-15 12:27:48,,
m39eczml_33,2F-Ａ５,1,1,m39eczml_1,m39eczml_2,510,490,m39eczml_15,stamp,2016-09-15 12:27:48,,
m39eczml_33,,,,,,,,,,,1,2F-Ａ５
m39eczml_33,,,,,,,,,,,2,2F-A5
m39eczml_34,2F-南口,1,1,m39eczml_1,m39eczml_2,420,528,m39eczml_20,,2016-09-15 12:27:48,,
m39eczml_34,,,,,,,,,,,1,2F-南口
m39eczml_34,,,,,,,,,,,2,2F-South Exit
m39eczml_35,3F-西口,1,1,m39eczml_1,m39eczml_3,64,270,m39eczml_29,,2016-09-15 12:27:48,,
m39eczml_35,,,,,,,,,,,1,3F-西口
m39eczml_35,,,,,,,,,,,2,3F-West Exit
m39eczml_36,通路,1,0,m39eczml_1,m39eczml_3,180,270,m39eczml_0,,2016-09-15 12:27:48,,
m39eczml_37,3F-Ａ１,1,1,m39eczml_1,m39eczml_3,180,180,m39eczml_21,,2016-09-15 12:27:48,,
m39eczml_37,,,,,,,,,,,1,3F-Ａ１
m39eczml_37,,,,,,,,,,,2,3F-A1
m39eczml_38,3F-Ｂ１,1,1,m39eczml_1,m39eczml_3,180,360,m39eczml_26,,2016-09-15 12:27:48,,
m39eczml_38,,,,,,,,,,,1,3F-Ｂ１
m39eczml_38,,,,,,,,,,,2,3F-B1
m39eczml_39,通路,1,0,m39eczml_1,m39eczml_3,300,270,m39eczml_0,,2016-09-15 12:27:48,,
m39eczml_4,1F-Ｂ１,1,1,m39eczml_1,m39eczml_1,180,360,m39eczml_6,,2016-09-15 12:27:48,,
m39eczml_4,,,,,,,,,,,1,1F-Ｂ１
m39eczml_4,,,,,,,,,,,2,1F-B1
m39eczml_40,3F-Ａ２,1,1,m39eczml_1,m39eczml_3,300,180,m39eczml_22,,2016-09-15 12:27:48,,
m39eczml_40,,,,,,,,,,,1,3F-Ａ２
m39eczml_40,,,,,,,,,,,2,3F-A2
m39eczml_41,通路,1,0,m39eczml_1,m39eczml_3,340,270,m39eczml_0,,2016-09-15 12:27:48,,
m39eczml_42,3F-Ｂ２,1,1,m39eczml_1,m39eczml_3,340,360,m39eczml_27,,2016-09-15 12:27:48,,
m39eczml_42,,,,,,,,,,,1,3F-Ｂ２
m39eczml_42,,,,,,,,,,,2,3F-B2
m39eczml_43,通路,1,0,m39eczml_1,m39eczml_3,420,270,m39eczml_0,,2016-09-15 12:27:48,,
m39eczml_44,3F-Ａ３,1,1,m39eczml_1,m39eczml_3,420,180,m39eczml_23,stamp,2016-09-15 12:27:48,,
m39eczml_44,,,,,,,,,,,1,3F-Ａ３
m39eczml_44,,,,,,,,,,,2,3F-A3
m39eczml_45,通路,1,0,m39eczml_1,m39eczml_3,420,330,m39eczml_0,,2016-09-15 12:27:48,,
m39eczml_46,3F-Ａ４,1,1,m39eczml_1,m39eczml_3,510,330,m39eczml_24,,2016-09-15 12:27:48,,
m39eczml_46,,,,,,,,,,,1,3F-Ａ４
m39eczml_46,,,,,,,,,,,2,3F-A4
m39eczml_47,通路,1,0,m39eczml_1,m39eczml_3,420,450,m39eczml_0,,2016-09-15 12:27:48,,
m39eczml_48,3F-Ｂ３,2,1,m39eczml_1,m39eczml_3,330,450,m39eczml_28,,2016-09-15 12:27:48,,
m39eczml_48,,,,,,,,,,,1,3F-Ｂ３
m39eczml_48,,,,,,,,,,,2,3F-B3
m39eczml_49,通路,1,0,m39eczml_1,m39eczml_3,420,490,m39eczml_0,,2016-09-15 12:27:48,,
m39eczml_5,通路,1,0,m39eczml_1,m39eczml_1,300,270,m39eczml_0,,2016-09-15 12:27:48,,
m39eczml_50,3F-Ａ５,1,1,m39eczml_1,m39eczml_3,510,490,m39eczml_25,,2016-09-15 12:27:48,,
m39eczml_50,,,,,,,,,,,1,3F-Ａ５
m39eczml_50,,,,,,,,,,,2,3F-A5
m39eczml_51,3F-南口,1,1,m39eczml_1,m39eczml_3,420,528,m39eczml_30,,2016-09-15 12:27:48,,
m39eczml_51,,,,,,,,,,,1,3F-南口
m39eczml_51,,,,,,,,,,,2,3F-South Exit
m39eczml_6,1F-Ａ２,1,1,m39eczml_1,m39eczml_1,300,180,m39eczml_2,,2016-09-15 12:27:48,,
m39eczml_6,,,,,,,,,,,1,1F-Ａ２
m39eczml_6,,,,,,,,,,,2,1F-A2
m39eczml_7,通路,1,0,m39eczml_1,m39eczml_1,340,270,m39eczml_0,,2016-09-15 12:27:48,,
m39eczml_8,1F-Ｂ２,1,1,m39eczml_1,m39eczml_1,340,360,m39eczml_7,stamp,2016-09-15 12:27:48,,
m39eczml_8,,,,,,,,,,,1,1F-Ｂ２
m39eczml_8,,,,,,,,,,,2,1F-B2
m39eczml_9,通路,1,0,m39eczml_1,m39eczml_1,420,270,m39eczml_0,,2016-09-15 12:27:48,,